Username;Password
giaovu;giaovu
1742001;1742001
1742002;1742002
1742003;1742003
1742004;1742004
1742005;1742005
1742006;1742006
1742007;1742007
1742008;1742008
1742009;1742009
1742010;1742010
1742011;1742011
1742012;1742012
1742013;1742013
1742014;1742014
1742015;1742015
18424001;18424001
18424002;18424002
18424003;18424003
18424004;18424004
18424005;18424005
18424006;18424006
18424007;18424007
18424008;18424008
18424009;18424009
18424010;18424010
18424011;18424011
18424012;18424012
18424013;18424013
18424014;18424014
18424015;18424015
